기업명,가공,전처리,품질,코딩,시각화,정보추출또는조합,태깅또는라벨링,분석,k
위즈코어 주식회사,O,O,O,O,O,O,O,O,8
주식회사 엘렉시,O,O,X,O,O,O,O,O,7
주식회사 나두모두,O,O,O,O,O,O,X,O,7
블루어드에임즈 주식회사,O,O,O,O,O,O,O,O,8
주식회사 니어네트웍스,O,O,O,X,O,O,O,O,7
주식회사 디스에이블드,O,O,O,O,O,O,O,O,8
(주)빅링크에이아이,O,O,O,O,O,O,O,O,8
스마트마인드에이아이 주식회사,O,X,X,X,O,X,X,O,3
주식회사 로컬앤컴퍼니,O,O,X,X,O,X,X,X,3
주식회사 윤즈정보개발,O,O,O,O,X,O,O,X,6
베르안,O,O,O,O,O,O,O,O,8
(주)블릭스랩스(blixlabsCorp.),O,O,O,X,O,X,O,O,6
(주)그노티,O,O,X,O,O,O,O,O,7
주)리빈에이아이,O,O,O,O,O,X,O,O,7
주식회사팀리부뜨,O,O,O,X,O,O,X,O,6
(주)올아이원,O,O,X,X,O,X,O,O,5
(주)비츠에스앤지,O,O,O,O,O,O,O,O,8
주식회사 캐롯아이,O,O,O,X,O,O,O,O,7
(주)스카이오션테크놀(BizBank)008802820210120188030279,O,O,O,O,X,O,O,O,7
이지앤웰니스(주),O,O,O,O,O,O,O,O,8
주식회사 지투시그마,X,X,X,X,X,X,X,X,0
주식회사 팹스넷,O,X,X,O,O,X,X,X,3
주식회사 렛서,O,X,X,X,X,O,O,O,4
에이닷 주식회사,O,O,O,O,O,O,O,O,8
주식회사 나눔비타민,O,O,X,X,X,O,X,X,3
주식회사 고은,O,O,X,O,O,X,X,O,5
(주)에이다플렛폼,O,O,O,O,O,O,X,O,7
(주)라임프렌즈승인,O,O,O,O,O,O,O,O,8
(주)카라멜라,O,O,O,O,O,O,O,O,8
(주)옵티로,O,O,O,X,O,X,X,O,5
기획공방_0001464835,O,O,X,X,X,O,X,X,3
그린다에이아이,O,O,O,O,X,X,O,X,5
(주)켐토피아,X,X,X,X,X,X,X,X,0
(주)리본케어,X,X,X,X,X,X,X,X,0
주식회사 이빗(EBIT)00200262020102820291227,O,O,O,O,X,O,O,O,7
주식회사 온아웃,O,O,X,X,O,O,O,O,6
주식회사 셀키에이아이,O,O,X,X,O,O,X,O,5
롤랑 유한책임회사 (ROLLAND),O,O,O,O,O,O,O,O,8
주식회사 메디아이플러스,O,O,O,X,O,O,O,O,7
바운드포 주식회사,O,O,O,X,X,O,O,X,5
[주]인덱스리서치(INDEX RESEARCH)003768120240906000375,O,O,O,O,O,O,O,O,8
주식회사 아이클레이브,O,O,O,O,O,O,O,O,8
주식회사 씨바이오테크,O,O,X,X,O,O,O,O,6
주식회사 도레미파,O,O,O,O,O,O,O,O,8
주식회사 노타,O,X,X,X,X,X,X,O,2
주식회사 스마트고,O,O,O,O,O,O,X,O,7
(주)플랜아이,O,O,O,O,O,O,O,O,8
캣벨컴퍼니 주식회사,O,O,O,O,O,O,O,O,8
(주)로지체인,O,O,X,X,X,O,O,X,4
주식회사 데이타몬드,O,O,O,X,X,X,O,O,5
주식회사 배터랩,O,O,O,O,O,O,O,O,8
인포마,O,O,O,O,O,O,X,O,7
(주)밀리하우스(milyhouseco)008102320220426181002428,O,O,O,O,O,X,X,O,6
주식회사 하이스트레인저,O,O,O,X,O,O,O,O,7
(주)딥서치,O,O,X,X,X,O,O,O,5
주식회사 원라인에이아이,O,O,O,X,O,X,O,O,6
(주)메타큐랩,O,O,O,O,O,O,O,O,8
주식회사 세이프모션,O,O,O,O,O,O,O,O,8
비젠트로(주),O,O,O,O,O,X,X,O,6
주식회사 모리,O,O,X,X,X,O,O,X,4
주식회사 아크론,O,O,O,O,O,O,O,O,8
주식회사 필굿,O,O,O,O,X,O,O,O,7
(주)로켓툴즈(rockettools)0004056H002634936,O,O,O,X,O,O,X,O,6
주식회사 트랙팜,O,O,O,O,O,O,O,O,8
주식회사 컴포랩스,O,O,O,O,O,O,O,O,8
주식회사 위밋모빌리티,O,O,X,X,O,O,O,O,6
스마트쿱(주),O,O,O,X,O,X,O,O,6
(주)이지에이아이,O,O,O,O,O,O,O,O,8
(주)에이비씨랩스,O,O,O,O,O,O,O,O,8
넷플러스(주),O,O,O,O,O,X,O,O,7
주식회사 대교씨엔에스,O,O,O,O,O,O,O,O,8
랩포디엑스,O,O,O,O,O,O,O,O,8
(주)디엠티랩스,O,O,O,O,O,O,O,O,8
주식회사 프리픽스,O,O,O,O,O,O,O,O,8
R2C 컴퍼니,O,O,O,O,O,O,O,O,8
재단법인 행복아이씨티,O,O,X,X,X,X,O,X,3
주식회사 프렌츠,O,O,O,O,O,O,O,O,8
디블록스,X,X,X,X,X,X,X,X,0
특허법인 해안,O,X,X,X,X,X,X,O,2
(주)제핏,O,O,X,X,O,O,O,O,6
(주)써니마인드,O,O,O,O,O,O,O,O,8
(주)버즈니(BUZZNI)0020680201108312540725,O,O,O,O,O,O,O,O,8
에이플라 주식회사,O,O,O,O,O,O,O,X,7
주식회사 에이아이웍스,O,O,O,O,O,O,O,O,8
(주)컴트루테크놀로지,O,X,X,X,X,O,X,O,3
주식회사 리파운드(53035)000302720220726181592360,O,O,O,X,O,O,X,O,6
인포텍코퍼레이션(주),O,X,X,X,X,X,X,X,1
주식회사 루트랩(ROOT LAB),O,O,O,O,O,O,O,O,8
퍼스널에이아이(주),O,O,O,O,O,O,O,O,8
(주)에프에이솔루션,O,O,O,O,O,O,O,O,8
망고클라우드 주식회사,O,O,X,X,X,O,X,X,3
주식회사 타날리시스,X,X,X,X,X,X,X,X,0
(주)레브웨어,O,O,X,X,O,O,X,O,5
데이터텍 주식회사,O,O,X,O,O,O,O,O,7
주식회사 핀인사이트,O,O,X,O,O,O,O,O,7
주식회사 리스트,O,O,O,O,X,O,O,O,7
주식회사 지신,O,O,X,O,O,X,O,O,6
주식회사성민소프트,O,O,X,O,O,X,X,X,4
코드크레인유한회사,O,O,X,X,O,O,O,O,6
(주)세이퍼존,X,X,X,X,X,X,X,X,0
스론주식회사,O,O,X,O,O,X,O,O,6
서광항업(주)_0000313947,O,O,O,X,O,O,O,O,7
엔터씨스 주식회사(ENTERSEE)008102120160602181000302,O,O,O,X,O,O,O,O,7
주식회사 재이인피니티웍스_0002139632,O,O,X,O,O,O,O,O,7
뉴런아키텍쳐,O,O,O,O,O,O,O,O,8
주식회사 틱택코리아,O,O,O,O,O,O,O,O,8
주식회사 댄스트럭트,O,O,X,X,X,X,O,X,3
(주)디밀리언,O,X,X,X,O,O,O,O,5
스페이스먼트,O,O,O,O,O,O,O,O,8
(주)리빌더에이아이(rebuilderai)0004029E021603175,O,X,X,X,X,X,X,X,1
(주)비저너리,O,X,X,X,O,X,O,O,4
주식회사 오든,O,O,O,O,O,O,X,O,7
(주)휴먼아이티,O,O,X,O,O,X,O,X,5
주식회사 메트릭스튜디오,O,O,O,O,O,O,X,O,7
주식회사 승인자(BizBank)008868820220111188004142,O,X,X,X,X,X,X,X,1
주식회사 템플러아카이브,O,O,O,O,O,O,O,O,8
콤비로 주식회사,O,O,O,O,O,O,O,O,8
(주)알투비(RtoB)008105020161118381000545,O,O,O,O,O,O,O,O,8
(주)나이스디앤비,O,O,X,X,X,O,O,O,5
(주)선도소프트,O,O,O,O,O,O,O,O,8
주식회사 스토리숲,O,X,X,X,X,X,X,X,1
(주)에스피파트너스,O,O,O,O,O,O,X,O,7
(주)마이스소프트,O,O,O,O,O,X,X,O,6
주식회사 붐잉,O,X,X,X,X,O,O,O,4
(주)코아아이티,O,O,O,O,X,O,O,X,6
(주)트위그팜,O,O,O,O,X,O,O,O,7
주식회사 두나미스에이아이,O,O,O,O,O,O,O,O,8
(주)플립비(flipb),O,X,X,X,O,X,X,O,3
나이스평가정보,O,O,X,X,O,O,X,O,5
주식회사 엠이티(MET CO. LTD)00200212022011421545768,O,O,O,O,O,O,O,O,8
주식회사 에코마린,O,O,X,O,O,O,O,O,7
주식회사 시즌_0001840861,O,O,O,O,O,O,O,O,8
트랜스파머(주),O,O,O,O,O,O,O,O,8
[주]망고트리,O,X,X,X,O,O,X,X,3
(주)바이스벌사,O,O,O,O,X,O,O,X,6
(주)패턴테크,O,O,O,O,O,O,O,O,8
(주)사운드플랫폼,O,O,O,O,O,O,O,X,7
(주)스위트엔데이터(SWEETNDATA.INC),O,O,O,O,O,O,O,O,8
(주)플렉싱크,O,O,X,O,O,O,O,O,7
휴디어스주식회사,O,O,O,O,O,O,O,O,8
주식회사 무담,O,O,O,O,O,O,O,O,8
오엔에스커뮤니케이션,X,X,X,X,X,X,X,X,0
주식회사 유피시앤에스,O,O,O,X,O,X,X,O,5
주식회사 인피닉,O,O,O,X,X,O,O,X,5
크리스타비전 주식회사,O,O,O,O,O,O,O,O,8
(주)투비시스템,O,O,O,O,O,X,O,O,7
주식회사 뮤티,O,O,X,O,O,X,X,O,5
키소프트 주식회사,O,O,O,O,O,O,O,O,8
하나와한솔(주),O,O,X,X,X,X,X,O,3
빅버드주식회사,O,O,O,O,O,O,O,O,8
한국딥러닝(주),O,O,O,O,O,O,O,O,8
한국표준협회,O,O,O,O,O,O,O,O,8
주식회사 뭉클랩,O,X,X,X,O,O,X,O,4
주식회사 바닐라브레인,O,X,X,O,O,O,X,O,5
주식회사 랭코드,O,O,O,O,O,O,O,O,8
(주)벡터시스,O,O,O,O,X,O,O,O,7
주식회사 셀파트너랩스,O,O,O,O,O,O,O,O,8
주식회사 애나,O,X,X,X,X,X,O,X,2
주식회사 코코에이치,O,O,X,X,O,X,X,O,4
주식회사 트위닛,X,X,X,X,X,X,X,X,0
주식회사 그로잉랩,X,X,X,X,X,X,X,X,0
주식회사띵킹프렌즈,O,O,X,O,O,O,O,O,7
나모웹비즈 주식회사,O,O,X,O,O,O,O,O,7
(주)인틴랩스,O,O,O,O,O,O,O,O,8
주식회사 바닐라엑스,O,O,O,X,O,O,O,X,6
주식회사 제이솔루션,O,O,O,X,O,X,O,O,6
(주)나라지식정보,O,O,O,O,O,O,O,O,8
주식회사 리피스,O,O,O,O,O,O,O,O,8
허브솔루션,O,O,O,O,O,O,O,O,8
넥스원소프트(주),O,O,X,X,X,O,X,X,3
(주)웨스트문,O,O,O,X,O,O,O,O,7
주식회사 멜라카,O,O,O,O,O,O,O,O,8
(주)미디어 코퍼스,O,O,O,X,X,X,O,X,4
주식회사 올핀,O,O,O,O,O,O,O,O,8
씨그로주식회사,O,O,O,O,O,O,O,O,8
주식회사더웨이유,O,O,O,O,O,O,O,O,8
(주)필상,X,X,X,X,X,X,X,X,0
(주)한샘가온,O,O,O,O,O,O,O,O,8
(주)디앤씨테크놀러지,O,O,X,O,O,O,O,O,7
팀에브리웨어,O,O,O,O,X,O,O,X,6
더블유에스코리아(주),O,X,O,X,X,O,X,X,3
두드림씨엔씨(주),O,O,O,O,O,O,O,O,8
(주)와이즈트래커,O,O,X,X,O,O,X,O,5
이다웰(주),O,O,O,O,O,O,O,O,8
주식회사 풀씨오믹스,O,O,X,X,O,X,X,O,4
(주)원스글로벌,X,X,X,X,X,X,X,X,0
(주)오토기기,O,O,O,O,O,O,O,O,8
라텔즈컴퍼니 주식회사,O,O,X,X,O,X,X,O,4
(주)아이이에스지,O,X,X,X,O,X,X,O,3
대인국제특허법률사무소,O,O,X,X,O,O,O,O,6
주식회사 에스에스엠아이,O,O,O,O,O,O,O,O,8
주식회사임팩티브에이아이,O,O,X,X,O,O,X,O,5
주식회사 이매지너리,O,O,X,O,O,O,O,O,7
주식회사 에이쓰리,O,O,O,O,X,O,O,O,7
주식회사 티나클론,O,X,X,X,X,X,X,O,2
주식회사 사차원주머니,O,O,X,X,O,X,X,O,4
주식회사 유니캐스트,O,O,X,O,X,X,O,O,5
주식회사 세환,O,O,O,O,O,O,O,O,8
플레이업파트너스 주식회사,O,O,O,X,X,X,O,O,5
특허법인 다옴,O,O,X,X,O,O,O,O,6
주식회사 인포보스,O,O,O,X,O,O,O,O,7
붐코커뮤니케이션,O,O,O,O,O,X,X,O,6
주식회사 아론티어,O,X,X,X,X,X,X,O,2
로그프레소,O,O,X,X,O,O,X,O,5
이스트앤츠 주식회사(04980)000368520250924210319379,O,O,X,O,O,O,X,O,6
(주)버티컬바,O,O,O,O,O,O,X,O,7
부산인터넷방송국,O,O,O,O,O,O,O,O,8
주식회사 모비니티,O,O,O,X,O,X,X,O,5
(주)엘지유플러스,O,O,X,X,O,X,X,O,4
솔라미,O,O,O,O,O,O,O,O,8
한국신용데이터,O,O,X,O,O,O,O,O,7
(주)현일렉트릭소프트,O,X,O,X,O,O,X,O,5
아하랩스,O,O,O,O,O,O,O,O,8
주식회사에프엘이에스,O,O,O,O,O,O,O,O,8
주식회사 메타디오,O,X,X,X,O,X,X,X,2
(주)엠더블유스토리(MWSTORY)0020028200601267467744,O,O,O,O,O,O,O,O,8
씨에프티 유한책임회사,O,O,X,O,X,X,X,O,4
주식회사 리피치,O,O,X,X,X,X,O,O,4
헤브론스타(주),O,O,O,X,O,X,O,O,6
주식회사 케이티아이에스,O,O,O,X,X,O,X,X,4
브릿지 에이아이,O,X,X,O,O,O,X,O,5
[주]팜킷,O,O,X,O,X,O,O,O,6
(주)오픈테스트,O,O,O,O,O,O,O,O,8
주식회사다컴즈,O,O,X,X,O,X,X,O,4
특허법인 알피엠,O,X,X,X,O,O,X,O,4
데이터스퀘어,O,O,O,O,O,O,O,O,8
(주)더원테크,O,O,O,O,O,O,O,O,8
주식회사 피에스디이엔지,O,O,O,O,O,O,O,O,8
가우스랩 주식회사,O,X,X,X,X,X,X,O,2
주식회사 페블러스,O,O,O,X,O,O,O,O,7
(주)페픽,O,O,O,O,O,O,O,O,8
주식회사 씨그래스,O,O,O,O,O,O,X,O,7
체이시로보틱스(주),O,O,X,X,O,X,O,O,5
캐치어스,O,O,O,X,O,O,X,O,6
워트인텔리전스,O,O,O,O,O,O,O,O,8
㈜씽크포비엘,O,O,O,O,O,O,O,O,8
에이아이티스토리 주식회사,O,O,O,O,X,O,O,O,7
씨에스라크 주식회사,O,O,O,O,O,O,O,O,8
(주)창조공작소,X,X,X,X,X,X,X,X,0
(주)아이지에이웍스,O,X,X,X,X,X,X,O,2
토스플레이스주식회사,O,O,X,O,O,O,X,O,6
(주)편리햅(14247853)0003023202411011058599,O,O,O,O,X,X,O,O,6
다큐브 주식회사,O,X,X,X,O,X,X,O,3
한국정밀농업 주식회사,O,O,X,X,O,O,X,O,5
(주)엠디에이,O,O,X,X,X,X,O,X,3
주식회사 케이비국민카드,O,O,O,O,X,O,O,O,7
(주) 메디플렉서스,O,O,O,O,O,O,O,O,8
렌더웍스,O,O,O,X,X,O,O,X,5
주식회사 플레이아이디어랩,O,O,O,O,O,X,O,O,7
주식회사 아이브랩,O,O,O,O,O,O,O,O,8
게티이미지코리아,X,X,X,X,X,X,X,X,0
(주)이크레더블,X,X,X,X,X,X,X,X,0
주식회사 모빌테크,O,O,X,X,X,X,O,X,3
와이필드 주식회사,O,O,X,O,O,O,X,O,6
주식회사 링크21,O,O,O,O,O,O,O,O,8
주식회사 볼라투스씨앤디,O,O,X,O,O,O,X,O,6
주식회사 데이탄소프트,O,O,O,O,O,O,O,O,8
제이파트너스(19867)000302020220602113716913,X,X,X,X,X,X,X,X,0
룰루메딕(주),O,X,X,X,O,X,X,O,3
주식회사 메이크,O,O,X,X,O,O,O,O,6
(주)와이이노베이션랩,O,O,O,O,O,O,O,O,8
(주)비투아시스템즈,O,O,O,O,O,O,O,O,8
일루넥스,O,O,O,O,O,O,O,O,8
주식회사올마이즈,O,O,O,O,O,O,O,O,8
스타일셀라,X,X,X,X,X,X,X,X,0
주식회사 아파트엔,O,X,X,X,X,O,X,X,2
케이유융합소프트웨어연구센터주식회사_0001663504,O,O,X,O,O,X,X,O,5
이랜드이노플,O,O,O,O,O,O,O,O,8
콘텐츠와사람들주식회사(conte)0004052E002467566,O,O,O,O,O,O,O,O,8
주식회사 세일리틱스,O,O,X,X,O,O,O,O,6
주식회사 아이웹,O,O,O,O,O,O,O,O,8
(주)에프아이솔루션,O,X,X,X,X,O,O,X,3
양재미디어주식회사,O,O,O,O,O,O,O,O,8
(주)한국리서치,X,X,X,X,X,X,X,X,0
(주)블로우랩,X,X,X,X,X,X,X,X,0
주식회사 유니컴퍼니,O,O,O,O,O,O,O,O,8
(주)랩큐,O,O,O,O,O,X,X,O,6
코데이터솔루션 주식회사,O,O,O,O,O,O,O,O,8
빅테크플러스 주식회사,O,O,X,O,X,O,X,O,5
주식회사 브이더블유원,O,O,X,O,O,O,X,O,6
(주)이노턴파트너즈,O,O,X,O,O,O,O,O,7
(주)퍼포먼스웨이컨설팅,O,O,O,O,O,O,O,O,8
프로브,O,O,O,O,O,O,O,O,8
주식회사하우그로우,O,O,O,O,O,O,O,O,8
주식회사 메디펀,O,O,O,O,O,O,O,O,8
알고보니,O,O,O,O,O,O,O,O,8
삼선 데이터경영 컨설팅,O,O,O,X,O,X,O,O,6
주식회사 코어엠,O,X,O,O,X,X,X,O,4
아이티씨지주식회사,O,O,O,O,O,O,O,O,8
주식회사 티벨,O,O,O,O,O,O,O,O,8
(주)크리마(20081)000302920190513122007093,O,X,X,X,O,O,O,O,5
주식회사프라이머스,O,O,O,O,O,O,O,O,8
주식회사 넥사디에스,O,O,O,O,O,O,O,O,8
주식회사 인투씨엔에스,X,X,X,X,X,X,X,X,0
주식회사 씨어스,O,O,O,O,O,O,O,O,8
(주)원데이터기술,O,O,O,O,O,O,O,O,8
주식회사 스쿱()001105520181128511000329,O,X,X,X,O,X,X,X,2
주식회사이엠솔루션,O,O,O,X,X,O,O,O,6
주식회사 메디리타,O,X,X,X,X,O,X,O,3
(주)윕스,O,O,O,X,X,O,O,O,6
(사)한국물가협회,X,X,X,X,X,X,X,X,0
에네이,O,O,X,O,O,X,X,O,5
김민지()001168420250718111001407,O,O,O,O,X,O,X,O,6
주식회사 덴탈비서_0001697475,O,X,X,X,O,O,X,O,4
(주)애즈플로우,X,X,X,X,X,X,X,X,0
(주)엠엠피,O,O,X,X,O,O,X,O,5
주식회사 니즈,O,O,X,X,X,O,X,O,4
(사)한국물가정보,X,X,X,X,X,X,X,X,0
주식회사 써드웍스,O,O,O,O,O,O,O,O,8
주식회사 볼타온 (VOLTAON),O,O,X,X,X,O,O,O,5
(주)소울소프트,O,O,O,O,O,O,O,O,8
(주)그리다에너지,O,O,X,O,O,X,X,O,5
(주)바이오바이츠,O,O,O,X,X,O,X,O,5
주식회사유유랑컴퍼니,O,O,O,O,O,O,O,O,8
에이엑스(주),O,O,O,O,O,O,O,O,8
헬스클라우드(주),O,O,O,O,O,O,O,O,8
휴머너 주식회사,O,O,O,O,O,O,O,O,8
(주)비온시이노베이터,O,O,O,O,O,O,O,O,8
(주)솔리드이엔지,O,X,X,O,X,X,X,O,3
주식회사 인사이터,O,O,O,O,O,O,O,O,8
위드마인드,O,O,O,O,O,X,X,O,6
주식회사구일이커뮤니케이(91)0004051I002526762,O,O,O,O,O,O,O,O,8
주식회사 알라딘시스템,O,O,X,O,O,O,X,O,6
오토시맨틱스 주식회사,O,O,O,O,O,O,O,X,7
(주)마크로밀엠브레인,O,O,X,O,O,X,X,O,5
주식회사 인디제이,O,O,O,O,O,O,O,O,8
주식회사 유니바,O,O,O,O,O,O,O,O,8
주식회사 에어텍,O,O,X,X,O,O,X,O,5
이창규(중원컨설팅)(JWCONSULTING)0004023D025708003,O,X,X,O,O,O,X,O,5
주식회사에이테크,O,O,O,O,O,O,O,O,8
제이웍스,O,O,O,X,X,O,X,O,5
코드비전 주식회사,O,O,O,O,O,O,O,O,8
주식회사 에듀템,O,O,O,X,O,X,O,O,6
주식회사 폴리랩스,O,X,X,O,O,X,X,O,4
(주)메타소프트,O,O,O,O,O,O,O,O,8
주식회사 에브리랩,O,O,X,O,O,X,X,X,4
에띠씽크,O,O,O,O,O,O,O,O,8
서울평가정보(주),O,O,X,X,X,O,O,O,5
(주)유니드,O,O,O,O,O,O,O,O,8
주식회사 프린토,O,X,X,O,O,X,O,O,5
주식회사 바이오리서치에이아이,O,O,O,O,X,X,O,O,6
(주) 이노포스트,O,O,O,O,O,O,O,O,8
주식회사 데이콘인피니티,O,O,O,O,O,O,O,O,8
(주)솔코,O,O,O,X,O,X,X,O,5
(주)티맥스티베로,O,X,X,X,X,X,X,X,1
(주)인텔로이드,O,O,O,O,O,O,O,O,8
데이터랩 주식회사,O,O,O,O,O,O,O,O,8
경기대학교 산학협력단,O,O,O,X,O,O,O,O,7
바움국제특허법률사무소,O,O,X,X,O,X,X,O,4
주식회사 노리스페이스,O,O,X,X,X,O,O,O,5
(주)시냅틱스에이아이,O,O,O,O,X,X,O,O,6
주식회사 스텔라비전,O,X,X,X,X,O,O,O,4
주식회사데타에이아이컨(DE)008102820211124181000358,O,X,X,X,X,O,X,O,3
주식회사 이산컨설팅그룹,O,X,X,X,O,X,X,O,3
유한회사 뮤레파코리아,O,O,X,X,O,O,X,O,5
에이치씨아이플러스(주),O,O,O,O,O,O,O,O,8
(주)스마트마케팅인포,O,O,O,O,O,O,O,O,8
주식회사 휴플,O,O,O,O,O,O,O,O,8
주식회사 맥세스컨설팅,O,O,O,O,O,O,X,O,7
(주)인더텍,O,O,O,O,O,X,O,X,6
(주)우림엔알,O,O,O,O,O,O,O,O,8
주식회사 데이터메이커,O,O,O,O,X,O,O,X,6
래딩랩스 주식회사,O,O,O,X,O,O,O,O,7
주)아이디케이스퀘어드,O,X,X,X,O,X,X,O,3
(주)아태인구연구원,O,O,O,O,O,O,O,O,8
주식회사 헤리티지커넥션,O,X,X,X,X,X,X,X,1
핵클 주식회사,O,X,X,X,O,O,X,O,4
(주)비즈플러그,O,O,O,O,O,O,O,O,8
주식회사 팀스페이스팜,O,O,X,X,O,O,X,O,5
(주)안셈-13531988,O,O,O,O,O,O,O,O,8
주식회사 엘아이엔티,O,O,O,O,O,O,O,O,8
아이피그라운드,O,O,X,X,O,O,X,O,5
프리즘 주식회사,O,O,O,O,O,O,X,O,7
주식회사브이피피랩(VPP LAB)0004054F001894394,O,X,X,X,O,X,X,O,3
백경특허법률사무소,O,O,X,X,O,O,X,O,5
주식회사 데이터노우즈,O,O,O,O,O,O,X,O,7
(주)신테카바이오,O,O,X,X,X,O,X,O,4
글나무 주식회사,O,O,O,X,X,O,O,X,5
소프트자이온,O,O,O,O,O,X,X,O,6
(주)넥스모어시스템즈,O,O,O,O,O,O,O,O,8
이지메타주식회사,O,O,X,X,X,O,O,O,5
버즈앤비(주),O,O,X,X,O,O,X,O,5
한국가치경영연구원 주식회사,O,O,O,X,O,O,O,O,7
포스페이스랩 주식회사,O,O,X,X,O,O,X,O,5
주식회사 데이터와이즈-26995713,O,O,O,O,O,O,O,O,8
주식회사 와따에이아이,O,O,X,X,X,O,O,O,5
로이쿠,O,O,O,O,O,O,O,O,8
주식회사가치랩스,O,O,O,O,O,O,O,O,8
엠에이엠 DESIGN,O,X,O,X,O,O,X,O,5
(주)맥킨리라이스,O,O,X,X,X,X,O,X,3
무한아이피씨 주식회사,O,O,X,X,O,O,O,O,6
(주)카탈로닉스,O,X,O,X,O,X,X,O,4
뉴로랩스 주식회사,O,O,O,O,O,O,O,O,8
(주)프롬프트타운,O,O,O,O,O,O,O,O,8
주식회사 브로큰에그,O,O,X,O,O,X,X,X,4
(주)빅스터,O,O,O,O,O,O,O,O,8
주식회사 신세릭스,O,O,O,O,O,X,X,O,6
에이엑스솔루션즈,O,O,O,O,O,O,O,O,8
(주)인사이트마이닝,O,O,O,O,O,X,X,O,6
케이씨(KC)미래기술(주)_0001539549,O,O,O,X,O,X,O,O,6
주식회사 카라아이엔씨,O,O,O,O,X,O,O,X,6
주식회사 무버스,O,O,O,O,O,O,O,O,8
주식회사 로드피아,X,X,X,X,X,X,X,X,0
(주)카일이삼제스퍼,X,X,X,X,X,X,X,X,0
데이터에듀,O,O,O,O,O,O,O,O,8
(주)지지옥션1총괄겸(BizBank)008802020131008188000882,X,X,X,X,X,X,X,X,0
주식회사 마이메타,O,O,O,O,O,O,O,O,8
(주)프롬데이터,O,O,X,X,X,O,O,O,5
주식회사 탈피오트,O,O,O,O,O,O,O,O,8
주식회사 제이씨지,O,X,X,X,O,O,O,O,5
엠제이커넥트,O,O,X,O,O,X,X,X,4
(주)와이디엔에스,O,O,O,O,O,O,X,O,7
(주)미래융합정보기술,O,O,O,O,O,O,O,O,8
헬리안투스 주식회사,O,O,O,O,O,O,O,O,8
주식회사 더이노베이터스,O,O,O,O,O,O,O,O,8
주식회사펜타스아이피,O,O,X,X,O,O,X,O,5
주식회사 아무르,O,O,O,O,O,O,O,O,8
(주)하마랩,O,O,X,X,O,O,O,O,6
주식회사 앤톡,O,X,X,X,O,O,X,O,4
(주)지란지교데이터,O,O,O,O,O,O,O,O,8
주식회사 트레이드파트너스,O,O,X,X,O,O,O,O,6
제로원특허법률사무소,O,X,X,X,O,O,X,O,4
한국정보통신(주),X,X,X,X,X,X,X,X,0
주식회사 플리토,O,X,O,X,X,X,O,X,3
네오모듈,O,O,O,O,X,O,O,X,6
주식회사 모멘트큐브-26617066,O,O,O,O,O,O,O,O,8
(주)슈퍼스타트()6441859,O,O,O,O,X,O,O,X,6
(주)가온프라임,O,X,X,X,X,X,X,X,1
주식회사 토마스톤(THOMASTONE)00200232022080122465662,O,O,O,O,O,O,O,O,8
주식회사 뉴런즈,O,O,O,O,O,O,O,O,8
컨시언스테크놀로지,O,O,X,X,X,O,O,O,5
(주)벽촌,O,O,O,O,O,O,O,O,8
주식회사 브릴위즈,O,O,X,X,O,O,X,O,5
(주)라임솔루션,O,O,O,X,O,O,O,O,7
아일리스프런티어,O,O,O,O,O,O,O,O,8
주식회사 위즈맵세븐,O,O,X,X,O,X,X,O,4
피타그래프,O,X,X,X,O,X,X,X,2
강한솔루션,O,O,O,O,O,X,O,O,7
바이오링크 주식회사,O,O,X,O,O,O,O,O,7
주식회사 공감미디어,O,X,X,X,X,X,X,X,1
모바일 앱개발 협동조합,O,O,O,O,O,O,O,O,8
(주)닐리리아(12300)0003025201602251334022,X,X,X,X,X,X,X,X,0
주식회사 디에이블,O,O,X,O,X,O,X,X,4
제이씨엔에스,O,O,O,O,O,O,X,O,7
주식회사 윔,O,O,O,O,O,O,O,O,8
주식회사 디피니트,O,O,X,O,O,O,X,X,5
주식회사 정션메드(Junction Med)00200232022022421044110,O,O,X,X,O,O,O,O,6
주식회사 인튜웍스,O,O,O,O,O,O,O,O,8
(주)애드아임,O,O,O,X,O,X,X,O,5
주식회사 한국데이터체인,O,O,O,O,O,O,O,O,8
(주)디빌드,O,O,O,O,O,O,O,O,8
주식회사 세림씨앤에스(SE)008105620221125581000704,O,O,O,O,O,O,O,O,8
한국전자영수증주식회사,O,O,O,O,O,O,O,O,8
핑거포인트랩(주),O,O,O,O,O,X,X,O,6
두레시닝(주),O,O,O,X,O,O,X,O,6
주식회사라미솔루션(Lamysolution)0004058H002138038,O,O,O,O,O,O,O,O,8
주식회사 크라우드웍스,O,O,O,O,O,O,O,O,8
넷타겟,O,X,X,X,X,O,X,O,3
주식회사 나인와트,O,O,X,O,O,O,X,O,6
주식회사 엠지스,O,O,O,X,O,O,O,O,7
(주)루트시스템,O,O,O,O,O,O,O,O,8
티에스컨설팅그룹 주식회사,O,X,X,X,O,O,X,O,4
주식회사 데이터링커,O,O,X,O,O,O,O,O,7
주식회사 이레테크,O,O,O,O,O,X,O,O,7
에이치비씨 주식회사,O,O,X,X,O,O,X,O,5
주식회사 두잇,O,O,O,O,O,X,O,O,7
(주)레몬클라우드,O,O,X,X,X,X,O,X,3
디씨테크 주식회사,O,O,O,X,O,O,O,O,7
(주)테크디엔에이,O,O,X,X,O,X,X,X,3
윌로특허법률사무소,O,X,X,X,O,O,X,O,4
(주)내일사장(NAEIL SAJANG CORP.)00200292023020321577575,O,O,O,O,O,O,O,O,8
(주)스캐터엑스,O,X,X,X,O,X,X,O,3
주식회사에이리스,O,O,O,O,O,X,O,O,7
(주)노드데이타,O,X,O,X,X,X,X,X,2
(사)한국전자정보통신산업진흥회,O,O,X,O,O,X,X,O,5
주식회사에이비엠랩,O,O,O,O,O,O,O,O,8
머큐리프로젝트 주식회사,O,X,X,X,O,O,O,O,5
(주)피앰아이,O,O,O,O,O,O,O,O,8
주식회사 블렌디드랩,O,O,O,O,O,O,O,O,8
비비트리 주식회사,X,X,X,X,X,X,X,X,0
(주)이누리,O,O,X,X,X,X,X,X,2
데이터스랩 주식회사,O,O,O,O,O,O,X,O,7
주식회사 알파브라더스,O,O,O,O,O,O,O,O,8
주식회사 테스티파이,O,O,O,O,O,O,O,O,8
주식회사 아이택트,O,O,X,O,O,X,O,O,6
(주)식스컴퍼니,O,O,O,X,X,X,X,X,3
(주)테닛,O,O,O,X,O,O,O,O,7
(주)코드넛()002302720210527123000778,O,O,X,X,O,O,X,O,5
(주)하이로컬,O,O,O,O,O,O,O,O,8
(주)메디에이지,O,O,X,X,X,X,X,O,3
에이비씨특허법률사무소,O,O,X,X,O,O,X,O,5
주식회사 스마트동스쿨,X,X,X,X,X,X,X,X,0
(주)에세텔,O,X,X,X,X,X,X,O,2
(주)우리은행,O,O,X,X,X,O,O,O,5
주식회사 뉴로라인즈,O,X,X,X,O,X,O,O,4
주식회사 더블유포지션,O,O,X,O,O,O,O,O,7
(주)케이플러스,O,O,O,O,O,O,O,O,8
파워콘스,O,O,O,X,X,X,X,O,4
(주)상상력집단,O,O,O,O,O,O,O,O,8
비큐에이아이(BECUAI),X,X,X,X,X,X,X,X,0
주식회사 빅인사이트,O,O,X,X,O,O,X,O,5
(주)바틀,O,O,O,O,O,O,O,O,8
어니컴주식회사,O,O,X,O,O,O,X,O,6
(주)오픈컴,O,O,O,O,O,O,O,O,8
(주)엘리그승인자(BizBank)008802320220627188001247,O,O,O,O,O,O,O,O,8
주식회사 엔클,O,O,O,O,O,O,O,O,8
약학정보원,X,X,X,X,X,X,X,X,0
아하앤컴퍼니 주식회사,X,X,X,X,X,X,X,X,0
페타프레임,O,O,O,O,O,O,O,O,8
주식회사 아이원_0001247342,O,O,X,X,O,O,O,O,6
주식회사 해시퍼플,O,O,O,O,O,O,O,O,8
아이플랜국제특허법률사무소,O,O,O,X,O,X,X,O,5
특허법인 티앤아이,O,O,X,X,O,O,O,O,6
주식회사 테크스타,O,O,O,O,O,O,O,O,8
이브이앤솔루션 주식회사,O,O,O,O,O,X,O,O,7
한국평가데이터,O,X,X,X,O,X,X,O,3
주식회사 이오앱스,O,O,O,O,O,O,O,O,8
(주)데이터사이언스랩,O,O,O,O,O,O,O,O,8
드론테크,O,O,O,O,O,X,O,O,7
주식회사 알체라,O,O,O,X,X,O,O,X,5
(주)나이스컨설팅,O,O,O,O,O,O,O,O,8
한국스마트기술센터,O,O,O,O,O,O,O,O,8
특허사무소공앤유,O,X,X,X,O,O,X,O,4
주식회사 에프디테크,O,O,O,O,O,O,O,O,8
(주)스팩스페이스,O,O,O,O,X,O,O,X,6
(주)옥토봇,O,O,O,O,O,O,O,O,8
주식회사 다비오,O,O,X,X,O,X,O,O,5
주식회사 한국데이터뱅크,O,O,O,X,X,O,X,O,5
특허법인 로드,O,O,O,X,O,O,X,O,6
아이디비 주식회사,O,O,O,O,O,O,O,O,8
주식회사 레드테이블,X,X,X,X,X,X,X,X,0
주식회사 푸딩,O,O,O,O,O,O,O,O,8
(주)사이람,O,O,X,X,O,O,X,O,5
(주)에이아이스타,O,O,O,O,O,O,O,O,8
주식회사 더블오,O,O,O,O,O,O,O,O,8
코코넛사일로 (주),O,O,O,O,O,O,O,O,8
(주)코랩인터내셔널(BizBank)008802820200820188001877,X,X,X,X,X,X,X,X,0
주식회사 휴머스온,O,O,O,O,O,O,X,O,7
주식회사 솔팩,O,O,O,O,X,O,O,X,6
(주)모니터랩,O,O,X,O,X,O,O,O,6
에이아이인사이트,O,O,O,X,X,O,X,O,5
(주)마켓링크,O,O,O,O,O,O,O,O,8
주식회사 빅웨이브에이아이,O,O,O,O,O,O,O,O,8
(주)이씨스,O,O,O,O,X,O,O,O,7
주식회사인터엑스,O,O,O,X,O,O,O,O,7
주식회사 테이큰소프트,O,O,O,O,O,O,O,O,8
주식회사 터빈크루,O,O,X,X,O,X,X,O,4
주식회사 마크클라우드,O,O,O,O,O,O,O,O,8
주식회사 보이스루,O,X,O,X,X,O,O,X,4
주식회사 스페이셜코어,O,O,O,O,O,O,O,O,8
(주)스피랩,O,O,X,O,O,X,X,O,5
(주)크레아텍,O,X,O,X,O,X,X,O,4
(주)늘푸른정보기술,O,O,O,O,O,O,O,O,8
(주)에이피메타랩스,O,O,O,O,O,O,O,O,8
주식회사 스퀘어스,O,X,X,X,O,O,X,O,4
세븐제너레이션,O,O,O,O,O,O,O,O,8
주식회사 코매퍼,O,O,O,O,O,O,O,O,8
주식회사 아이피씨앤비,O,O,O,O,O,O,O,O,8
(주)엠펀치,O,O,X,O,O,O,X,O,6
(주)에이아이리더,O,O,O,O,O,O,O,O,8
(주)와이즈인컴퍼니,O,O,O,O,X,O,O,O,7
(주)이젬코,O,O,O,O,O,O,X,O,7
컨트롤에프 주식회사,O,O,O,O,O,O,O,O,8
주식회사 업트래닉스(UPTRE)008105520250404381000861,O,X,X,X,O,X,X,O,3
(주)와우쓰리디(WOW3D),O,O,O,O,O,O,O,O,8
(주)아이씨엔아이티,O,O,O,O,O,O,O,O,8
주식회사 플롯팩토리,O,O,O,O,O,O,O,O,8
스쿨모아 주식회사,O,O,O,O,O,O,X,O,7
월드텍,O,O,O,O,O,O,O,O,8
주식회사날리지큐브,O,O,O,O,O,O,O,O,8
주식회사 리버스마운틴,O,O,X,X,O,O,X,O,5
(주)맵시,O,O,X,O,O,X,X,O,5
(주)서브소프트,O,O,O,O,O,O,O,O,8
주식회사 엠티에스티,O,O,O,O,O,O,O,O,8
한국품질기술원 주식회사,O,O,O,O,O,O,O,O,8
타이거 인공지능,O,O,O,O,O,O,O,O,8
가치공간정보 주식회사,O,X,X,X,O,X,X,O,3
(주)딥세일즈,X,X,X,X,X,X,X,X,0
에너지닥터(주),O,O,O,O,O,O,O,O,8
주식회사 엑스알에이아이,O,O,O,O,O,O,O,O,8
팔레트 주식회사,O,X,X,X,X,X,X,X,1
주식회사 엔엠,O,X,X,X,O,O,X,O,4
지비피엘 주식회사,O,O,X,O,O,O,X,O,6
㈜하마다랩스,O,O,X,O,O,O,O,O,7
(주)코테크시스템,O,O,O,O,O,O,O,X,7
주식회사 리커너스,O,X,X,X,O,O,X,O,4
차정원,O,O,O,O,O,O,O,O,8
(주)아이디이노랩,O,O,X,X,O,O,X,O,5
(주)국민은행,O,X,X,X,O,O,O,O,5
주식회사 스페이스오디티,O,X,X,X,O,X,X,O,3
주식회사 이너피플,O,O,O,O,O,O,X,O,7
주식회사 밸리언트데이터,O,O,O,X,X,X,O,O,5
특허법률사무소 창_0001725809,O,O,X,X,O,O,X,O,5
주식회사 피케이,O,X,X,X,O,X,X,X,2
주식회사 큐빅,O,X,O,X,X,X,O,O,4
나이스지니데이타 주식회사,O,O,O,O,O,O,O,O,8
주식회사 비솔,X,X,X,X,X,X,X,X,0
(주)사운드리더,X,X,X,X,X,X,X,X,0
주식회사 인핸스,O,O,O,O,O,O,O,O,8
주식회사 초이웍스,O,O,O,O,O,O,O,O,8
특허법인 아이엠,O,O,X,X,O,O,X,O,5
(주)미래에스디 승인(BizBank)008805320210113488008325,O,O,O,X,O,X,X,O,5
오토오모니터 주식회사,O,O,X,X,X,O,X,O,4
디지털 리퍼블릭,O,O,O,O,O,X,O,O,7
주식회사 이데아인포,O,X,X,X,X,X,X,X,1
오픈그래프랩스,O,O,O,O,O,X,O,O,7
한솔코에버(주),O,O,O,O,O,O,O,O,8
(주)데이터웨이,O,O,O,O,O,O,O,O,8
(주)테크다스,O,O,X,O,O,X,X,O,5
(주)웨더아이,O,O,X,O,O,O,O,O,7
(주)프로보이스,O,O,X,X,X,X,O,X,3
(주)이글루코퍼레이션,O,O,X,X,X,X,O,O,4
주식회사 엑스에이아이,O,O,O,O,O,O,O,O,8
(주)지디에스컨설팅그룹,O,O,O,O,O,O,O,O,8
리더스경영지도사사무소,O,O,O,O,O,O,O,O,8
주식회사 비비다드,X,X,X,X,X,X,X,X,0
주식회사 꿀비,O,O,O,O,O,O,O,O,8
주식회사 로맨,O,O,O,O,O,O,O,O,8
메이크이지 주식회사,O,O,X,X,O,O,X,O,5
특허법인 루트,O,X,X,X,O,X,X,O,3
와이들리랩스,O,O,O,O,O,O,O,O,8
주식회사 듀이랩스,O,O,O,O,O,O,O,O,8
에이아이 데이터 연구소,O,O,O,O,O,O,X,O,7
(주)딜리버리엠,X,X,X,X,X,X,X,X,0
인그래디언트,O,O,O,O,O,O,O,O,8
(주)알앤디비,O,O,X,O,X,X,X,O,4
주식회사 인테그랩,O,O,O,O,O,O,O,O,8
(주)휴먼딥,O,O,O,O,O,O,O,O,8
(주)기업혁신센터,O,O,O,O,O,O,O,O,8
주식회사 워크원오원,O,X,X,X,O,X,X,O,3
씽킹데이터코리아 주식회사,O,X,X,X,O,X,X,O,3
(주)디지포레,O,O,O,O,O,X,X,O,6
특허법인  세원,O,O,X,X,X,O,X,O,4
주식회사 한국데이터소프트,O,O,O,O,O,O,O,O,8
(주)코그콤,O,O,O,O,O,O,O,O,8
(주)어픽,O,O,O,X,O,X,X,O,5
(주)뉴로클,O,O,O,O,O,O,O,O,8
주식회사 투그램시스템즈,O,X,X,X,O,X,X,O,3
(주)애마슈,O,O,O,O,O,O,O,O,8
(주)자유로운소프트,O,O,O,O,O,O,O,O,8
에프원소프트(주),O,X,X,X,O,O,O,O,5
최창혁()001102520240527111002861,O,O,O,O,O,O,O,O,8
주식회사 이엠에스,O,O,O,X,O,O,O,O,7
특허그룹 디딤,O,O,O,X,O,O,X,O,6
주식회사 패션서울닷컴,O,O,O,O,O,O,O,O,8
(주)안랩,X,X,X,X,X,X,X,X,0
주식회사 서르,O,O,O,O,O,O,O,O,8
(주)알디스데이터,O,X,X,X,X,X,X,X,1
주식회사 피앤아이솔루션스,O,O,X,X,O,O,X,O,5
주식회사 컬리버,O,O,O,O,O,O,O,O,8
뉴로플로우 주식회사,O,O,O,O,O,O,O,O,8
주식회사 디엔지니어,O,O,O,O,O,O,O,O,8
인프라닉스(주),O,O,O,O,O,O,O,O,8
주식회사 글렉,O,O,O,O,O,O,X,O,7
스마트푸드네트웍스(SFN)0004054H001777306,O,O,O,X,O,O,O,O,7
(주)조이마케팅,X,X,X,X,X,X,X,X,0
아트앤데이터,O,O,O,X,X,O,O,X,5
주)원데이원커뮤니케이션,O,O,O,O,O,O,O,O,8
에이펙스소프트,O,O,O,O,X,O,O,O,7
(주)컴퓨터메이트,O,O,X,X,O,X,X,O,4
(주)스튜디오삼육오,O,O,X,X,O,X,X,X,3
주식회사 솔트룩스이노베이션,O,X,X,X,X,X,X,X,1
(주)이지지오,O,O,O,O,O,O,O,O,8
(주)브레인벤쳐스,O,O,O,O,O,O,O,O,8
주식회사아이웨이,O,O,X,O,O,X,O,X,5
주식회사 시선아이티,O,O,O,O,O,O,X,O,7
(주)고브이알,O,X,X,X,O,X,X,O,3
(주)골든플래닛,O,O,O,O,O,O,O,O,8
(주)인포빌,O,O,X,X,X,O,O,X,4
(주)스튜디오EIM,X,X,X,X,X,X,X,X,0
셀렉트스타 주식회사,O,O,O,X,X,O,O,X,5
상상특허법률사무소_0001260132,O,O,O,X,O,O,O,O,7
주식회사 위베어소프트,O,X,X,O,X,X,X,X,2
주식회사 연우테크놀러지,X,X,X,X,X,X,X,X,0
식스투에잇,O,O,O,X,X,X,X,X,3
주식회사오울소프트(OULSOFT)0004055C002417778,O,O,X,X,X,X,O,O,4
롯데카드,O,O,X,X,X,O,X,O,4
주식회사 컴플렉시온,O,O,O,O,X,O,O,O,7
(주)큐빅테크,O,O,O,O,O,O,O,O,8
주식회사 에코아이,O,O,O,O,X,X,X,O,5
위드라이브,O,O,O,O,O,O,O,O,8
사단법인 문화체육진흥(ko)008102720180108181000452,O,O,X,O,O,O,O,O,7
(주)아이피캠프,O,O,O,O,O,O,O,O,8
주식회사 새론솔루션,O,O,O,O,O,O,O,O,8
아이마인드주식회사,O,O,O,O,O,O,O,O,8
주식회사 아이씨티피플,O,O,O,O,O,O,O,O,8
(주)소프트윙스,O,O,O,O,O,O,O,O,8
(주)제이디소프트 승(BizBank)008802520251121188001306,O,O,O,O,O,O,O,O,8
(주)채움아이티,O,O,O,O,O,X,O,O,7
주식회사 넥스브이,O,O,O,O,O,O,O,O,8
성균관대학교산학협력단,O,O,O,O,O,O,O,O,8
(주)오픈잇,O,O,O,O,O,O,X,O,7
홍상기(뷰티인랩)(HONG SANG KI)0004023H031182634,O,X,X,O,X,X,X,O,3
유한회사나노웨더,O,O,O,X,O,O,X,O,6
특허법인(유한)해담(서울사무소),O,X,X,X,O,X,X,O,3
주식회사 지앤지인터내셔널,O,O,O,O,O,O,O,O,8
주식회사 딥핑소스,O,O,X,X,X,X,O,O,4
주식회사 리다임그룹,O,O,O,X,O,O,X,O,6
(주)디엔비소프트,O,O,X,O,O,O,O,O,7
주식회사 에스디테크,O,O,O,O,O,O,O,O,8
임포트지니어스 코리아,X,X,X,X,X,X,X,X,0
주식회사 머스트리,O,X,X,O,X,O,X,O,4
제엔제이컨설팅 주식회사,O,O,O,O,O,O,O,O,8
(주)비즈스프링,O,O,X,X,O,O,X,O,5
어반 국제특허법률사무소,O,O,O,X,O,O,X,O,6
주식회사원인터내셔(WON INTL INC)0004054I002159683,O,O,O,O,O,O,O,O,8
(주)티오더,X,X,X,X,X,X,X,X,0
주식회사 바이트사이즈,O,O,O,O,O,O,O,O,8
주식회사 원더스랩,O,O,X,O,O,O,X,O,6
(주)데이타트렌드,O,O,O,X,O,O,O,O,7
케이에이앤,O,O,X,X,X,O,O,O,5
픽켓팅,O,O,X,X,O,X,X,O,4
씨벤티지 주식회사,O,O,O,X,O,O,X,O,6
주식회사 브이이엔지,O,O,O,O,O,O,O,O,8
딥비전스,O,O,X,O,O,O,O,O,7
다겸 주식회사,O,O,O,O,O,O,O,O,8
(주)태산솔루젼스,O,X,X,X,X,X,X,X,1
(주)글로벌제조혁신네트웍,O,O,X,X,O,X,X,O,4
주식회사지경솔루텍,O,O,O,O,X,O,X,X,5
에쓰오씨소프트(주),O,O,O,X,O,X,O,O,6
특허법인 도담,O,O,X,X,O,O,X,O,5
주식회사 깔로_0001666672,O,O,O,O,O,X,O,O,7
(주)다래전략사업화센터,O,O,X,X,O,O,X,O,5
